{"cameraMode":{"drawMode":0,"name":"Shaded","section":"Shading Mode"},"sceneLighting":true,"audioPlay":false,"sceneViewState":{"m_AlwaysRefresh":false,"showFog":true,"showSkybox":true,"showFlares":true,"showImageEffects":true,"showParticleSystems":true,"showVisualEffectGraphs":true,"m_FxEnabled":true},"in2DMode":false,"pivot":{"x":-2.1700057983398439,"y":-0.25779247283935549,"z":8.854649543762207},"rotation":{"x":-0.3068471848964691,"y":0.026842735707759858,"z":-0.008650662377476693,"w":-0.9513604044914246},"size":12.12435531616211,"orthographic":false}